City_ID,City,Country,Date,Lat,Lng,Max Temp,Humidity,Cloudiness,Wind Speed
0,Port Elizabeth,ZA,2021-03-31 21:42:19,-33.918,25.5701,62.6,88,20,10.36
1,Tubmanburg,LR,2021-03-31 21:44:19,6.8708,-10.8172,76.53,90,77,2.68
2,Cacu,BR,2021-03-31 21:40:44,-18.5567,-51.1308,78.64,53,72,3.11
3,Cape Town,ZA,2021-03-31 21:44:17,-33.9258,18.4232,63.0,88,20,6.91
4,Kang,BW,2021-03-31 21:44:20,-23.6752,22.7876,69.75,42,52,5.48
5,Kudahuvadhoo,MV,2021-03-31 21:44:20,2.6708,72.8944,82.4,76,97,18.34
6,San Lorenzo,PY,2021-03-31 21:44:20,-25.3333,-57.5333,80.6,54,20,3.44
7,Puerto Baquerizo Moreno,EC,2021-03-31 21:42:30,-0.9,-89.6,78.8,89,75,3.44
8,Upernavik,GL,2021-03-31 21:44:20,72.7868,-56.1549,3.02,71,100,8.19
9,Lavrentiya,RU,2021-03-31 21:44:21,65.5833,-171.0,2.1,76,2,4.61
10,Kodiak,US,2021-03-31 21:44:21,57.79,-152.4072,32.0,59,90,18.41
11,Bilma,NE,2021-03-31 21:44:21,18.6853,12.9164,72.75,11,0,4.25
12,Bethel,US,2021-03-31 21:44:22,41.3712,-73.414,62.6,67,90,12.66
13,Saint-Pierre,RE,2021-03-31 21:44:22,-21.3393,55.4781,77.0,78,90,4.61
14,Bredasdorp,ZA,2021-03-31 21:44:22,-34.5322,20.0403,62.6,77,98,3.44
15,Codrington,AU,2021-03-31 21:44:22,-38.2667,141.9667,63.37,54,63,9.15
16,Ancud,CL,2021-03-31 21:44:23,-41.8697,-73.8203,62.6,72,0,4.61
17,Tuatapere,NZ,2021-03-31 21:44:23,-46.1333,167.6833,48.99,88,66,3.0
18,Novobelokatay,RU,2021-03-31 21:44:23,55.7062,58.9549,29.46,77,100,19.48
19,Tasiilaq,GL,2021-03-31 21:44:24,65.6145,-37.6368,30.2,93,90,6.91
20,Osakarovka,KZ,2021-03-31 21:44:24,50.565,72.5692,2.32,98,41,5.53
21,Ushuaia,AR,2021-03-31 21:39:37,-54.8,-68.3,48.2,57,0,4.61
22,Rio Grande,BR,2021-03-31 21:44:24,-32.035,-52.0986,69.26,55,46,11.34
23,Vila Franca Do Campo,PT,2021-03-31 21:44:24,37.7167,-25.4333,59.0,88,20,8.05
24,Isangel,VU,2021-03-31 21:44:25,-19.55,169.2667,80.6,89,90,10.76
25,Kralendijk,BQ,2021-03-31 21:44:25,12.15,-68.2667,82.4,69,40,17.27
26,Narsaq,GL,2021-03-31 21:44:25,60.9167,-46.05,32.0,86,90,8.05
27,Jamestown,US,2021-03-31 21:44:26,42.097,-79.2353,48.0,61,40,8.05
28,Arraial Do Cabo,BR,2021-03-31 21:44:26,-22.9661,-42.0278,78.8,73,40,17.27
29,Albany,US,2021-03-31 21:41:16,42.6001,-73.9662,57.99,83,100,1.99
30,Atuona,PF,2021-03-31 21:44:26,-9.8,-139.0333,80.51,77,62,12.33
31,Mwinilunga,ZM,2021-03-31 21:44:26,-11.7358,24.4293,60.6,97,98,3.8
32,Los Algarrobos,PA,2021-03-31 21:44:27,8.5,-82.4333,87.8,66,40,4.61
33,Houma,US,2021-03-31 21:42:45,29.5958,-90.7195,84.0,58,95,5.99
34,Kapaa,US,2021-03-31 21:44:27,22.0752,-159.319,80.6,69,20,12.66
35,Vaini,TO,2021-03-31 21:44:27,-21.2,-175.2,82.4,83,75,9.22
36,Hermanus,ZA,2021-03-31 21:43:01,-34.4187,19.2345,59.0,94,100,6.6
37,Portland,US,2021-03-31 21:39:38,45.5234,-122.6762,70.0,39,40,5.75
38,Torbay,CA,2021-03-31 21:44:28,47.6666,-52.7314,32.0,59,20,6.91
39,Lima,PE,2021-03-31 21:44:28,-12.0432,-77.0282,75.0,68,0,10.36
40,Rikitea,PF,2021-03-31 21:44:28,-23.1203,-134.9692,79.39,70,42,17.63
41,Bluff,NZ,2021-03-31 21:44:25,-46.6,168.3333,48.99,88,62,3.0
42,Yaan,NG,2021-03-31 21:44:29,7.3833,8.5667,86.4,13,100,3.42
43,Phan Thiet,VN,2021-03-31 21:44:29,10.9333,108.1,76.12,88,87,1.12
44,Ulladulla,AU,2021-03-31 21:44:29,-35.35,150.4667,60.01,94,0,6.91
45,Sarangani,PH,2021-03-31 21:44:30,5.4033,125.4636,81.77,79,100,15.01
46,Tukrah,LY,2021-03-31 21:44:30,32.5341,20.5791,52.11,83,39,3.56
47,Talnakh,RU,2021-03-31 21:44:30,69.4865,88.3972,-24.11,83,4,5.3
48,Kaitangata,NZ,2021-03-31 21:44:30,-46.2817,169.8464,51.01,67,9,5.99
49,Pevek,RU,2021-03-31 21:44:31,69.7008,170.3133,-7.64,87,100,0.69
50,Faanui,PF,2021-03-31 21:44:31,-16.4833,-151.75,81.7,75,65,8.84
51,Dongsheng,CN,2021-03-31 21:44:31,39.8161,109.9776,42.57,86,100,10.42
52,Saskylakh,RU,2021-03-31 21:44:32,71.9167,114.0833,-32.22,99,100,6.31
53,Butaritari,KI,2021-03-31 21:44:32,3.0707,172.7902,81.55,79,89,14.23
54,Prince Rupert,CA,2021-03-31 21:44:32,54.3161,-130.3201,41.0,87,90,16.11
55,Smolensk,RU,2021-03-31 21:44:32,55.0,33.0,44.46,94,83,5.26
56,Kasongo-Lunda,CD,2021-03-31 21:44:33,-6.4667,16.8167,69.71,97,100,1.01
57,Qaanaaq,GL,2021-03-31 21:44:33,77.484,-69.3632,0.3,76,100,24.65
58,Victoria,HK,2021-03-31 21:41:17,22.2855,114.1577,78.01,86,97,1.99
59,Port Hedland,AU,2021-03-31 21:44:33,-20.3167,118.5667,75.2,43,0,8.05
60,Ketchikan,US,2021-03-31 21:44:34,55.3422,-131.6461,39.2,93,90,26.46
61,Cedar City,US,2021-03-31 21:44:34,37.6775,-113.0619,57.99,11,1,5.75
62,Kruisfontein,ZA,2021-03-31 21:44:34,-34.0033,24.7314,66.0,76,71,5.37
63,Ixtapa,MX,2021-03-31 21:44:34,20.7,-105.2,80.6,44,40,13.8
64,Singaraja,ID,2021-03-31 21:44:35,-8.112,115.0882,78.62,82,94,2.04
65,Hithadhoo,MV,2021-03-31 21:44:35,-0.6,73.0833,83.59,75,43,21.16
66,Vardo,NO,2021-03-31 21:44:35,70.3705,31.1107,33.8,86,75,14.97
67,Santiago De Cuba,CU,2021-03-31 21:44:36,20.0247,-75.8219,82.4,69,20,8.05
68,Linkoping,SE,2021-03-31 21:44:36,58.4109,15.6216,39.2,100,90,4.61
69,Hilo,US,2021-03-31 21:40:31,19.7297,-155.09,80.6,61,20,6.91
70,Mataura,NZ,2021-03-31 21:44:36,-46.1927,168.8643,48.99,88,63,3.0
71,Fort Nelson,CA,2021-03-31 21:44:36,58.8053,-122.7002,50.0,20,75,5.75
72,Busselton,AU,2021-03-31 21:44:37,-33.65,115.3333,66.99,85,100,10.63
73,Bengkulu,ID,2021-03-31 21:42:33,-3.8004,102.2655,76.28,78,100,13.2
74,Port Macquarie,AU,2021-03-31 21:42:50,-31.4333,152.9167,68.0,99,51,10.4
75,Puerto Ayora,EC,2021-03-31 21:44:37,-0.7393,-90.3518,82.4,74,20,9.22
76,Kankan,GN,2021-03-31 21:44:31,10.3854,-9.3057,85.14,16,30,2.82
77,Pisco,PE,2021-03-31 21:44:38,-13.7,-76.2167,73.4,68,20,24.16
78,Zheleznodorozhnyy,RU,2021-03-31 21:44:38,55.7503,38.0042,41.0,100,90,11.18
79,Beringovskiy,RU,2021-03-31 21:44:38,63.05,179.3167,8.44,77,94,2.64
80,Thompson,CA,2021-03-31 21:44:38,55.7435,-97.8558,24.8,50,40,14.97
81,La Ronge,CA,2021-03-31 21:44:39,55.1001,-105.2842,41.0,60,99,9.22
82,Fortuna,US,2021-03-31 21:44:29,40.5982,-124.1573,73.0,49,20,10.36
83,Viradouro,BR,2021-03-31 21:44:39,-20.8731,-48.2969,82.4,51,20,6.91
84,Pucara,PE,2021-03-31 21:44:39,-15.9803,-71.4606,60.8,72,75,11.5
85,Cidreira,BR,2021-03-31 21:44:40,-30.1811,-50.2056,67.75,77,44,13.47
86,Kismayo,SO,2021-03-31 21:44:40,-0.3582,42.5454,80.78,82,35,10.76
87,Punta Arenas,CL,2021-03-31 21:44:40,-53.15,-70.9167,50.0,66,0,8.05
88,Mitchell,US,2021-03-31 21:44:40,43.7094,-98.0298,39.2,20,1,23.02
89,Vestmanna,FO,2021-03-31 21:44:41,62.1564,-7.1664,37.4,70,75,3.44
90,Povenets,RU,2021-03-31 21:44:41,62.8487,34.8262,34.92,82,50,11.63
91,Sulangan,PH,2021-03-31 21:44:41,11.1373,123.7228,81.07,80,99,14.63
92,Wuda,CN,2021-03-31 21:44:06,39.4994,106.7117,38.62,87,100,5.91
93,Taunggyi,MM,2021-03-31 21:44:42,20.7833,97.0333,59.52,49,31,4.25
94,Immokalee,US,2021-03-31 21:44:42,26.4187,-81.4173,84.99,73,75,4.61
95,Sao Filipe,CV,2021-03-31 21:44:42,14.8961,-24.4956,71.73,74,33,9.6
96,Sorland,NO,2021-03-31 21:44:43,67.667,12.6934,39.47,79,89,12.86
97,Carnarvon,AU,2021-03-31 21:44:43,-24.8667,113.6333,71.6,100,0,5.75
98,Chuy,UY,2021-03-31 21:44:43,-33.6971,-53.4616,64.72,79,54,7.05
99,Kibre Mengist,ET,2021-03-31 21:44:43,5.8833,38.9833,57.38,84,80,2.71
100,Dikson,RU,2021-03-31 21:44:44,73.5069,80.5464,-17.46,86,99,4.29
101,Merauke,ID,2021-03-31 21:44:44,-8.4667,140.3333,76.89,90,99,7.49
102,Guiratinga,BR,2021-03-31 21:44:44,-16.3494,-53.7583,78.24,58,17,2.89
103,East London,ZA,2021-03-31 21:44:16,-33.0153,27.9116,66.58,82,90,8.9
104,Bogovarovo,RU,2021-03-31 21:44:45,58.9785,47.0246,32.83,98,100,8.57
105,Lambarene,GA,2021-03-31 21:44:45,-0.7001,10.2406,72.14,95,94,2.33
106,Praia Da Vitoria,PT,2021-03-31 21:44:45,38.7333,-27.0667,60.8,82,20,12.41
107,Avarua,CK,2021-03-31 21:44:45,-21.2078,-159.775,82.4,65,20,13.8
108,Novokizhinginsk,RU,2021-03-31 21:44:46,51.6115,109.5917,22.23,80,100,1.79
109,New Norfolk,AU,2021-03-31 21:44:46,-42.7826,147.0587,66.99,56,100,1.01
110,Nizhnevartovsk,RU,2021-03-31 21:44:46,60.9344,76.5531,23.0,80,0,8.95
111,Souillac,MU,2021-03-31 21:44:47,-20.5167,57.5167,75.2,94,40,6.11
112,Janakkala,FI,2021-03-31 21:44:47,60.9,24.6,35.01,90,6,7.05
113,Shakawe,BW,2021-03-31 21:44:47,-18.3667,21.85,66.47,58,66,4.74
114,Sechura,PE,2021-03-31 21:44:47,-5.5569,-80.8222,81.36,56,61,14.41
115,Castro,BR,2021-03-31 21:41:42,-24.7911,-50.0119,58.53,72,0,1.99
116,Khatanga,RU,2021-03-31 21:44:48,71.9667,102.5,-43.67,100,56,1.63
117,Kuna,US,2021-03-31 21:44:48,43.4918,-116.4201,60.01,23,1,6.91
118,Hammerfest,NO,2021-03-31 21:44:48,70.6634,23.6821,33.8,100,75,5.75
119,Tura,IN,2021-03-31 21:44:49,25.5198,90.2201,69.15,94,8,6.78
120,Saint-Philippe,RE,2021-03-31 21:44:49,-21.3585,55.7679,77.0,78,90,4.61
121,Mount Gambier,AU,2021-03-31 21:44:49,-37.8333,140.7667,55.4,71,9,4.61
122,Nouadhibou,MR,2021-03-31 21:40:24,20.931,-17.0347,66.2,72,0,17.27
123,Te Anau,NZ,2021-03-31 21:44:49,-45.4167,167.7167,52.2,65,31,1.21
124,Makakilo City,US,2021-03-31 21:44:50,21.3469,-158.0858,82.4,54,20,5.75
125,Chokurdakh,RU,2021-03-31 21:44:50,70.6333,147.9167,-10.28,100,99,4.34
126,Yellowknife,CA,2021-03-31 21:44:50,62.456,-114.3525,23.0,54,75,8.05
127,Warwick,US,2021-03-31 21:44:51,41.7001,-71.4162,62.6,59,40,20.71
128,Uddevalla,SE,2021-03-31 21:44:51,58.3478,11.9424,37.4,93,100,10.36
129,Lebu,CL,2021-03-31 21:44:51,-37.6167,-73.65,58.73,87,82,15.75
130,Gravdal,NO,2021-03-31 21:44:51,68.1214,13.5031,38.19,69,55,4.0
131,Medea,DZ,2021-03-31 21:44:52,36.2642,2.7539,57.2,94,0,2.3
132,Linguere,SN,2021-03-31 21:44:52,15.3953,-15.1193,89.6,29,0,9.22
133,Jalu,LY,2021-03-31 21:44:52,29.0331,21.5482,56.61,42,0,10.94
134,Richards Bay,ZA,2021-03-31 21:44:53,-28.783,32.0377,70.38,89,14,7.05
135,Brodick,GB,2021-03-31 21:44:53,55.5754,-5.1472,44.6,81,90,18.41
136,Buchanan,LR,2021-03-31 21:44:53,5.8808,-10.0467,77.0,94,0,6.42
137,Hobart,AU,2021-03-31 21:44:18,-42.8794,147.3294,68.0,63,0,9.22
138,Wiarton,CA,2021-03-31 21:44:54,44.7407,-81.1332,37.0,69,90,10.36
139,Santa Catarina De Tepehuanes,MX,2021-03-31 21:44:54,25.35,-105.7333,80.98,8,40,13.24
140,Kahului,US,2021-03-31 21:44:54,20.8947,-156.47,80.6,69,40,17.27
141,Saint George,US,2021-03-31 21:44:55,37.1041,-113.5841,70.0,9,1,4.61
142,Ribeira Grande,PT,2021-03-31 21:44:55,38.5167,-28.7,56.97,59,4,6.82
143,Hvolsvollur,IS,2021-03-31 21:44:55,63.7533,-20.2243,37.99,85,97,5.99
144,Georgetown,MY,2021-03-31 21:44:55,5.4112,100.3354,80.6,89,20,2.3
145,Kavieng,PG,2021-03-31 21:44:56,-2.5744,150.7967,81.97,76,50,5.7
146,Noshiro,JP,2021-03-31 21:44:56,40.2039,140.0242,45.23,69,8,3.47
147,Yatou,CN,2021-03-31 21:44:56,37.15,122.3833,47.23,49,100,5.08
148,Baijiantan,CN,2021-03-31 21:44:57,45.6333,85.1833,41.54,50,99,4.72
149,Katsuura,JP,2021-03-31 21:44:57,35.1333,140.3,57.0,82,97,9.86
150,Kloulklubed,PW,2021-03-31 21:44:57,7.0419,134.2556,77.0,94,75,10.33
151,Wanning,CN,2021-03-31 21:44:57,18.8003,110.3967,75.78,88,26,11.45
152,Bousso,TD,2021-03-31 21:44:58,10.4795,16.7117,80.94,14,21,6.85
153,Puerto Escondido,MX,2021-03-31 21:44:58,15.85,-97.0667,89.6,70,1,6.91
154,Mogadishu,SO,2021-03-31 21:42:30,2.0371,45.3438,80.94,76,43,12.57
155,Kargil,IN,2021-03-31 21:44:58,34.5667,76.1,19.83,62,29,5.37
156,Port Alfred,ZA,2021-03-31 21:44:19,-33.5906,26.891,68.09,79,100,10.16
157,Yabelo,ET,2021-03-31 21:44:59,4.8833,38.0833,60.12,68,65,4.72
158,Diamantino,BR,2021-03-31 21:44:59,-14.4086,-56.4461,78.76,68,67,1.21
159,La Palma,US,2021-03-31 21:44:26,33.8464,-118.0467,90.0,4,1,1.28
160,Sao Joao Da Barra,BR,2021-03-31 21:44:47,-21.6403,-41.0511,73.4,88,0,6.91
161,Vitim,RU,2021-03-31 21:44:59,59.4511,112.5578,25.11,88,100,13.09
162,Alibag,IN,2021-03-31 21:45:00,18.6411,72.8792,80.6,83,40,3.44
163,Lorengau,PG,2021-03-31 21:45:00,-2.0226,147.2712,81.09,80,58,3.24
164,Coihaique,CL,2021-03-31 21:45:00,-45.5752,-72.0662,53.6,62,90,4.61
165,Coquimbo,CL,2021-03-31 21:45:01,-29.9533,-71.3436,62.6,72,0,11.5
166,Port Lincoln,AU,2021-03-31 21:45:01,-34.7333,135.8667,68.95,51,85,4.59
167,Leh,IN,2021-03-31 21:45:01,34.1667,77.5833,28.2,48,50,4.34
168,Komsomolskiy,UZ,2021-03-31 21:45:02,40.4272,71.7189,46.4,57,40,7.38
169,Nuremberg,DE,2021-03-31 21:44:24,49.4478,11.0683,53.01,58,0,5.75
170,Solnechnyy,RU,2021-03-31 21:45:02,50.7214,136.6319,28.96,85,10,2.33
171,Boyolangu,ID,2021-03-31 21:45:03,-8.1181,111.8935,74.71,91,67,0.34
172,Porciuncula,BR,2021-03-31 21:45:03,-20.9628,-42.0408,71.53,93,5,2.04
173,Longyearbyen,SJ,2021-03-31 21:42:39,78.2186,15.6401,28.4,74,75,3.44
174,Tuktoyaktuk,CA,2021-03-31 21:45:04,69.4541,-133.0374,-11.2,70,40,21.85
175,Samarinda,ID,2021-03-31 21:45:04,-0.5,117.15,73.74,99,99,1.07
176,Mahebourg,MU,2021-03-31 21:45:04,-20.4081,57.7,75.2,94,40,6.29
177,Kenora,CA,2021-03-31 21:43:25,49.8167,-94.4337,24.8,36,20,9.22
178,Ahipara,NZ,2021-03-31 21:45:05,-35.1667,173.1667,65.84,82,58,10.92
179,Provideniya,RU,2021-03-31 21:45:05,64.3833,-173.3,5.0,66,0,4.47
180,Port-Gentil,GA,2021-03-31 21:45:05,-0.7193,8.7815,78.8,94,20,2.3
181,Nikolskoye,RU,2021-03-31 21:45:06,59.7035,30.7861,35.01,93,0,4.47
182,Chubbuck,US,2021-03-31 21:45:06,42.9208,-112.4661,50.0,31,1,8.05
183,Vanino,RU,2021-03-31 21:45:06,49.0869,140.2543,32.59,89,99,0.74
184,Lasa,IT,2021-03-31 21:45:06,46.6166,10.7002,57.2,60,0,6.91
185,Ilinskiy,RU,2021-03-31 21:45:07,55.619,38.1182,41.0,100,90,11.18
186,Norman Wells,CA,2021-03-31 21:45:07,65.282,-126.8329,10.4,67,75,3.44
187,Hasaki,JP,2021-03-31 21:44:18,35.7333,140.8333,54.0,76,40,6.91
188,Mana,GF,2021-03-31 21:45:07,5.6592,-53.7767,77.29,84,73,10.85
189,Flinders,AU,2021-03-31 21:45:08,-34.5833,150.8552,64.0,90,56,1.01
190,Quatre Cocos,MU,2021-03-31 21:45:08,-20.2078,57.7625,77.0,94,40,6.89
191,Loano,IT,2021-03-31 21:45:08,44.133,8.2513,64.4,3,0,2.3
192,Mumford,GH,2021-03-31 21:45:08,5.2618,-0.759,80.55,85,12,10.0
193,Ponta Do Sol,PT,2021-03-31 21:45:09,32.6667,-17.1,57.0,72,21,1.99
194,Ostrovnoy,RU,2021-03-31 21:45:09,68.0531,39.5131,31.1,97,100,4.7
195,Aklavik,CA,2021-03-31 21:45:09,68.2191,-135.0107,-2.2,71,90,9.22
196,Villa Carlos Paz,AR,2021-03-31 21:45:10,-31.4241,-64.4978,72.0,63,40,15.99
197,Severo-Kurilsk,RU,2021-03-31 21:45:10,50.6789,156.125,36.68,98,100,12.17
198,Klaksvik,FO,2021-03-31 21:45:10,62.2266,-6.589,37.4,70,75,3.44
199,Cap Malheureux,MU,2021-03-31 21:45:11,-19.9842,57.6142,77.0,85,3,3.0
200,Encruzilhada,BR,2021-03-31 21:45:11,-15.5314,-40.9094,73.92,69,83,2.19
201,Necochea,AR,2021-03-31 21:45:11,-38.5473,-58.7368,64.99,81,91,1.99
202,Ngaoundere,CM,2021-03-31 21:45:12,7.3167,13.5833,71.71,17,72,4.94
203,Airai,TL,2021-03-31 21:45:12,-8.9266,125.4092,59.36,94,99,0.98
204,Tiksi,RU,2021-03-31 21:45:12,71.6872,128.8694,-4.18,99,100,10.78
205,Okha,RU,2021-03-31 21:45:12,53.5739,142.9478,23.22,88,48,7.2
206,Magadan,RU,2021-03-31 21:45:13,59.5667,150.8,21.72,92,94,3.27
207,Ilulissat,GL,2021-03-31 21:45:13,69.2167,-51.1,17.6,79,75,2.3
208,Westport,US,2021-03-31 21:45:13,41.1415,-73.3579,57.0,82,90,4.61
209,Tralee,IE,2021-03-31 21:45:13,52.2704,-9.7026,48.34,95,100,3.06
210,Grdelica,RS,2021-03-31 21:45:14,42.8934,22.0735,45.0,53,0,2.3
211,Saldanha,ZA,2021-03-31 21:45:14,-33.0117,17.9442,64.4,72,100,6.91
212,Awbari,LY,2021-03-31 21:42:28,26.5921,12.7805,63.32,20,0,7.34
213,Rawson,AR,2021-03-31 21:45:14,-43.3002,-65.1023,58.84,88,100,19.44
214,Miraflores,MX,2021-03-31 21:45:15,19.2167,-98.8083,82.4,7,75,18.41
215,Sitka,US,2021-03-31 21:45:15,57.0531,-135.33,39.2,81,90,11.5
216,Batemans Bay,AU,2021-03-31 21:45:15,-35.7167,150.1833,57.99,89,66,4.0
217,Lamu,KE,2021-03-31 21:45:16,-2.2717,40.902,82.4,89,40,4.61
218,Shitanjing,CN,2021-03-31 21:45:16,39.2342,106.3439,34.68,88,100,5.21
219,Nongan,CN,2021-03-31 21:45:16,44.382,125.1685,44.01,80,0,2.24
220,Broken Hill,AU,2021-03-31 21:45:17,-31.95,141.4333,62.6,45,0,5.75
221,San Patricio,US,2021-03-31 21:45:17,28.017,-97.5169,75.2,53,90,24.16
222,Linfen,CN,2021-03-31 21:45:17,36.0889,111.5189,56.59,55,100,2.82
223,Geraldton,AU,2021-03-31 21:45:17,-28.7667,114.6,64.4,82,5,4.61
224,Sturgeon Bay,US,2021-03-31 21:45:18,44.8342,-87.377,33.8,47,90,12.66
225,Kasempa,ZM,2021-03-31 21:45:18,-13.4584,25.8338,60.73,90,8,5.66
226,Abnub,EG,2021-03-31 21:45:18,27.2696,31.1511,57.2,54,0,8.03
227,Roma,US,2021-03-31 21:45:19,43.2128,-75.4557,46.4,93,90,12.66
228,Kadaura,IN,2021-03-31 21:45:19,25.9833,79.85,74.59,6,0,7.36
229,Kawalu,ID,2021-03-31 21:45:19,-7.3817,108.2082,72.36,92,99,1.63
230,Bima,ID,2021-03-31 21:45:20,-8.4667,118.7167,75.25,93,100,1.16
231,Poso,ID,2021-03-31 21:45:20,-1.3959,120.7524,78.01,82,100,3.24
232,Alofi,NU,2021-03-31 21:45:20,-19.0595,-169.9187,84.2,79,40,12.66
233,Katherine,AU,2021-03-31 21:45:20,-14.4667,132.2667,69.8,94,61,3.44
234,South River,US,2021-03-31 21:45:21,40.4465,-74.386,62.01,91,100,1.01
235,Umuarama,BR,2021-03-31 21:45:21,-23.7664,-53.325,67.14,69,1,4.07
236,Husavik,IS,2021-03-31 21:45:21,66.0449,-17.3389,42.8,49,40,17.27
237,Umm Lajj,SA,2021-03-31 21:45:22,25.0213,37.2685,68.88,45,0,11.7
238,Nouakchott,MR,2021-03-31 21:45:22,18.0858,-15.9785,68.0,83,14,17.27
239,Angoram,PG,2021-03-31 21:45:22,-4.0625,144.0661,74.88,97,100,2.33
240,Haines Junction,CA,2021-03-31 21:45:22,60.7522,-137.5108,33.8,55,100,8.05
241,Pangkalanbuun,ID,2021-03-31 21:45:23,-2.6833,111.6167,73.74,96,54,2.33
242,Acapulco,MX,2021-03-31 21:41:57,16.8634,-99.8901,86.0,70,1,14.97
243,Zhezkazgan,KZ,2021-03-31 21:45:23,47.8043,67.7144,19.49,82,7,13.76
244,Faya,SA,2021-03-31 21:45:23,18.3851,42.4509,66.2,42,0,4.61
245,Mahuva,IN,2021-03-31 21:45:24,21.0914,71.7622,80.04,47,6,7.72
246,Samarai,PG,2021-03-31 21:45:24,-10.6167,150.6667,82.53,75,98,4.74
247,Byron Bay,AU,2021-03-31 21:45:24,-28.65,153.6167,62.6,100,75,10.36
248,Saint Anthony,US,2021-03-31 21:45:25,45.0205,-93.218,35.01,34,40,12.66
249,Jevargi,IN,2021-03-31 21:45:25,17.0167,76.7667,84.15,27,7,14.58
250,Cherskiy,RU,2021-03-31 21:45:25,68.75,161.3,5.41,76,100,0.29
251,Naryan-Mar,RU,2021-03-31 21:45:25,67.6713,53.087,31.42,97,100,8.28
252,Dabakala,CI,2021-03-31 21:45:26,8.3667,-4.4333,84.4,40,88,4.09
253,Northam,GB,2021-03-31 21:45:26,51.0333,-4.2167,48.99,89,14,1.01
254,Karasjok,NO,2021-03-31 21:45:26,69.4719,25.5112,35.6,87,90,18.41
255,Pathein,MM,2021-03-31 21:45:27,16.7833,94.7333,73.9,94,0,4.7
256,Mercedes,AR,2021-03-31 21:45:29,-34.6515,-59.4307,62.1,70,7,7.81
257,San Policarpo,PH,2021-03-31 21:45:29,12.1791,125.5072,79.88,78,100,11.1
258,Valparaiso,CL,2021-03-31 21:45:29,-33.0393,-71.6273,60.8,100,90,5.75
259,Constitucion,CL,2021-03-31 21:45:29,-35.3333,-72.4167,61.57,77,94,10.6
260,Namibe,AO,2021-03-31 21:45:30,-15.1961,12.1522,74.44,83,88,1.41
261,Kidal,ML,2021-03-31 21:45:30,18.4411,1.4078,78.37,7,0,10.31
262,Trairi,BR,2021-03-31 21:42:07,-3.2778,-39.2689,76.89,90,100,7.7
263,Havre-Saint-Pierre,CA,2021-03-31 21:45:30,50.2334,-63.5986,33.8,86,40,16.11
264,Sabha,LY,2021-03-31 21:45:31,27.0377,14.4283,61.83,23,4,9.71
265,Masindi,UG,2021-03-31 21:45:31,1.6744,31.715,64.56,95,85,0.89
266,Sao Paulo De Olivenca,BR,2021-03-31 21:45:31,-3.3783,-68.8725,76.69,89,98,1.12
267,Waitati,NZ,2021-03-31 21:45:32,-45.75,170.5667,53.01,63,1,11.01
268,Salalah,OM,2021-03-31 21:45:32,17.0151,54.0924,82.4,26,0,6.91
269,Muramatsu,JP,2021-03-31 21:45:32,37.6833,139.1833,42.8,87,20,2.3
270,Hami,CN,2021-03-31 21:45:32,42.8,93.45,41.94,33,14,9.35
271,Thinadhoo,MV,2021-03-31 21:45:33,0.5333,72.9333,82.8,78,40,22.26
272,Maniitsoq,GL,2021-03-31 21:45:33,65.4167,-52.9,22.6,80,100,20.0
273,Miranda,CO,2021-03-31 21:45:33,3.2499,-76.2281,73.53,83,100,1.99
274,Dombas,NO,2021-03-31 21:45:33,62.0696,9.1235,14.99,92,9,7.29
275,San Rafael,AR,2021-03-31 21:45:34,-34.6177,-68.3301,75.52,36,6,12.01
276,Lacaron,PH,2021-03-31 21:45:34,6.4489,125.5792,78.89,87,100,3.96
277,Karla,EE,2021-03-31 21:45:34,59.3723,24.9275,37.99,80,0,10.36
278,Kushima,JP,2021-03-31 21:45:35,31.4583,131.2333,59.0,77,75,4.61
279,Nome,US,2021-03-31 21:44:55,64.5011,-165.4064,0.0,78,1,6.91
280,Nanortalik,GL,2021-03-31 21:45:35,60.1432,-45.2371,30.81,88,84,2.19
281,Neira,CO,2021-03-31 21:45:35,5.1665,-75.52,80.6,57,40,9.22
282,Puerto Maldonado,PE,2021-03-31 21:45:36,-12.6,-69.1833,77.61,91,68,1.99
283,Brownsville,US,2021-03-31 21:45:36,25.9018,-97.4975,87.8,51,75,11.5
284,Ambovombe,MG,2021-03-31 21:45:36,-25.1667,46.0833,70.68,68,29,10.47
285,Cabo San Lucas,MX,2021-03-31 21:42:39,22.8909,-109.9124,91.4,21,20,6.91
286,Nauchnyy Gorodok,RU,2021-03-31 21:45:37,53.4203,83.521,17.6,86,0,8.95
287,Hambantota,LK,2021-03-31 21:45:37,6.1241,81.1185,78.8,100,1,5.75
288,Itarema,BR,2021-03-31 21:45:37,-2.9248,-39.9167,77.61,88,100,9.71
289,Pandan,PH,2021-03-31 21:45:38,14.0453,124.1694,78.12,79,100,9.48
290,Celendin,PE,2021-03-31 21:45:38,-6.8703,-78.1517,64.4,68,40,3.44
291,Camenca,MD,2021-03-31 21:45:38,48.0319,28.6978,43.0,86,80,3.04
292,Finote Selam,ET,2021-03-31 21:45:38,10.7,37.2667,67.68,52,87,3.65
293,Trelew,AR,2021-03-31 21:44:15,-43.249,-65.3051,59.36,81,100,16.91
294,Rosetta,EG,2021-03-31 21:45:39,31.4044,30.4164,53.6,66,40,3.44
295,Chumikan,RU,2021-03-31 21:45:39,54.7183,135.315,19.8,88,41,7.36
296,Key Biscayne,US,2021-03-31 21:41:52,25.6937,-80.1628,82.99,65,75,12.66
297,Cerchezu,RO,2021-03-31 21:45:39,43.8167,28.1,43.0,68,100,3.0
298,Magburaka,SL,2021-03-31 21:45:40,8.7167,-11.95,79.97,70,18,3.0
299,Numata,JP,2021-03-31 21:45:40,36.6333,139.05,48.99,61,13,5.01
300,Panaba,MX,2021-03-31 21:45:40,21.2833,-88.2667,89.87,44,24,20.85
301,Kenai,US,2021-03-31 21:43:23,60.5544,-151.2583,33.8,55,20,10.36
302,Gat,IL,2021-03-31 21:45:41,31.61,34.7642,55.0,75,16,3.78
303,Cumberland,US,2021-03-31 21:43:19,35.0502,-78.8664,75.2,88,90,9.22
304,Walvis Bay,NA,2021-03-31 21:45:41,-22.9575,14.5053,66.2,72,57,6.91
305,Shushenskoye,RU,2021-03-31 21:45:41,53.325,91.9356,23.0,68,0,4.47
306,Terney,RU,2021-03-31 21:45:41,45.0503,136.6092,37.56,73,1,7.07
307,Atar,MR,2021-03-31 21:45:42,20.5169,-13.0499,86.76,15,83,6.89
308,Burnie,AU,2021-03-31 21:45:42,-41.0667,145.9167,62.13,67,82,6.6
309,Bytow,PL,2021-03-31 21:45:42,54.1706,17.4919,54.0,57,4,2.95
310,Kilindoni,TZ,2021-03-31 21:45:42,-7.9139,39.6668,81.3,78,80,18.57
311,Balsas,BR,2021-03-31 21:45:43,-7.5325,-46.0356,76.39,89,97,4.07
312,Matara,LK,2021-03-31 21:45:43,5.9485,80.5353,77.86,88,88,6.93
313,Agadez,NE,2021-03-31 21:45:43,19.75,10.25,70.45,11,0,6.02
314,Hofn,IS,2021-03-31 21:45:44,64.2539,-15.2082,41.94,50,27,11.48
315,Kearney,US,2021-03-31 21:44:52,40.6995,-99.0815,50.0,23,75,12.66
316,San Sebastian,ES,2021-03-31 21:41:46,43.3128,-1.975,73.4,23,0,3.44
317,Dwarka,IN,2021-03-31 21:45:44,22.2394,68.9678,78.53,73,5,14.12
318,Aasiaat,GL,2021-03-31 21:45:44,68.7098,-52.8699,15.57,84,100,9.06
319,Hirado,JP,2021-03-31 21:45:45,33.3597,129.5531,55.99,87,0,3.44
320,Megion,RU,2021-03-31 21:45:45,61.0296,76.1136,23.0,80,0,8.95
321,Alto Longa,BR,2021-03-31 21:45:45,-5.2511,-42.2103,77.27,87,100,3.91
322,Esperance,AU,2021-03-31 21:45:45,-33.8667,121.9,64.4,94,90,9.22
323,Alexandria,EG,2021-03-31 21:43:35,31.2156,29.9553,53.6,66,40,3.44
324,Abu Dhabi,AE,2021-03-31 21:43:48,24.4667,54.3667,75.2,64,0,5.26
325,Alice Springs,AU,2021-03-31 21:45:46,-23.7,133.8833,51.8,76,0,5.75
326,Gokak,IN,2021-03-31 21:45:46,16.1667,74.8333,74.35,40,25,7.4
327,Taoudenni,ML,2021-03-31 21:45:46,22.6783,-3.9836,86.14,6,77,11.43
328,Esmeraldas,BR,2021-03-31 21:45:47,-19.7625,-44.3139,82.4,47,0,3.44
329,Staryy Nadym,RU,2021-03-31 21:45:47,65.6118,72.6842,11.61,93,100,23.8
330,Ligayan,PH,2021-03-31 21:45:47,4.6533,119.4706,82.0,79,92,12.59
331,Ipameri,BR,2021-03-31 21:45:48,-17.7219,-48.1597,71.83,66,13,2.62
332,Lompoc,US,2021-03-31 21:45:18,34.6391,-120.4579,80.6,19,0,12.66
333,Banjar,ID,2021-03-31 21:45:48,-8.19,114.9675,80.6,89,20,2.3
334,Barrow,US,2021-03-31 21:45:02,71.2906,-156.7887,-7.6,64,1,21.85
335,Puerto Del Rosario,ES,2021-03-31 21:45:48,28.5004,-13.8627,69.8,64,40,8.05
336,Beaufort,MY,2021-03-31 21:45:49,5.3473,115.7455,77.0,100,40,2.21
337,Guerrero Negro,MX,2021-03-31 21:45:49,27.9769,-114.0611,85.19,17,22,9.24
338,Worland,US,2021-03-31 21:45:49,44.0169,-107.9554,50.0,21,1,3.44
339,Fertod,HU,2021-03-31 21:45:49,47.6195,16.8868,55.4,66,0,6.91
340,Sokolo,ML,2021-03-31 21:45:50,14.7328,-6.1219,88.12,10,5,9.51
341,Hualmay,PE,2021-03-31 21:45:50,-11.0964,-77.6139,72.27,79,14,11.56
342,Copiapo,CL,2021-03-31 21:45:50,-27.3667,-70.3333,64.4,59,20,16.11
343,Balabac,PH,2021-03-31 21:45:51,7.9868,117.0645,80.19,81,100,5.46
344,Mago,RU,2021-03-31 21:45:51,53.2514,140.1822,25.57,97,100,2.89
345,Tucurui,BR,2021-03-31 21:45:51,-3.7661,-49.6725,76.33,93,95,2.84
346,Kedrovyy,RU,2021-03-31 21:45:51,56.1667,91.8167,21.2,86,40,6.71
347,Quzhou,CN,2021-03-31 21:45:52,28.9594,118.8686,67.5,98,100,1.57
348,Roald,NO,2021-03-31 21:45:52,62.5833,6.1333,37.4,93,90,3.44
349,Sakaiminato,JP,2021-03-31 21:45:52,35.55,133.2333,48.2,71,0,11.5
350,Urumqi,CN,2021-03-31 21:43:23,43.801,87.6005,37.4,81,0,4.47
351,Fare,PF,2021-03-31 21:45:53,-16.7,-151.0167,82.15,73,20,9.69
352,Anadyr,RU,2021-03-31 21:45:53,64.75,177.4833,6.8,66,0,17.9
353,Mar Del Plata,AR,2021-03-31 21:43:47,-38.0023,-57.5575,66.99,63,20,6.91
354,Uromi,NG,2021-03-31 21:45:53,6.7,6.3333,78.13,75,75,8.05
355,Abu Samrah,SY,2021-03-31 21:45:54,35.3029,37.1841,52.03,73,25,10.58
356,Lata,PT,2021-03-31 21:45:54,40.1629,-8.3327,64.4,52,0,3.44
357,Bambous Virieux,MU,2021-03-31 21:45:54,-20.3428,57.7575,77.0,94,40,6.35
358,Mangrol,IN,2021-03-31 21:45:55,21.1167,70.1167,77.43,83,18,10.02
359,Port Blair,IN,2021-03-31 21:45:55,11.6667,92.75,80.22,79,96,5.23
360,Dong Hoi,VN,2021-03-31 21:45:55,17.4833,106.6,76.33,79,11,3.31
361,Shirokiy,RU,2021-03-31 21:45:55,49.758,129.523,34.39,62,71,6.38
362,Devonport,AU,2021-03-31 21:45:56,-41.1667,146.35,61.68,69,78,6.71
363,Satrikh,IN,2021-03-31 21:45:56,26.8667,81.2,69.8,40,0,4.61
364,Toktogul,KG,2021-03-31 21:45:56,41.8708,72.9402,37.45,97,100,1.86
365,Leningradskiy,RU,2021-03-31 21:45:57,69.3833,178.4167,-6.38,84,40,1.54
366,Ventspils,LV,2021-03-31 21:45:57,57.3894,21.5606,41.0,100,90,6.91
367,Sovetskiy,RU,2021-03-31 21:44:44,61.3614,63.5842,30.56,86,100,11.3
368,Ust-Kuyga,RU,2021-03-31 21:45:57,70.0167,135.6,-4.09,95,100,0.78
369,San Cristobal,VE,2021-03-31 21:45:58,7.7669,-72.225,82.4,54,40,18.41
370,Synya,RU,2021-03-31 21:45:58,65.3718,58.0387,30.29,97,100,5.99
371,Aswan,EG,2021-03-31 21:45:58,24.0934,32.907,64.04,27,0,11.39
372,Kargasok,RU,2021-03-31 21:45:59,59.0556,80.8572,29.86,95,100,9.53
373,Angoche,MZ,2021-03-31 21:45:59,-16.2325,39.9086,76.68,63,60,9.28
374,Bicholim,IN,2021-03-31 21:45:59,15.5869,73.9462,72.14,83,24,3.29
375,Hamilton,US,2021-03-31 21:43:48,39.1834,-84.5333,48.99,31,20,14.97
376,Jacqueville,CI,2021-03-31 21:45:59,5.2052,-4.4146,84.2,84,20,8.05
377,Shingu,JP,2021-03-31 21:46:00,33.7333,135.9833,56.62,76,100,4.54
378,Riverton,US,2021-03-31 21:45:36,40.5219,-111.9391,54.0,37,1,1.81
379,Benguela,AO,2021-03-31 21:46:00,-12.5763,13.4055,78.94,81,46,2.71
380,Kyabe,TD,2021-03-31 21:45:58,9.4515,18.9449,85.14,13,10,4.63
381,Saltillo,MX,2021-03-31 21:46:01,25.4167,-101.0,82.4,28,75,20.71
382,Union,US,2021-03-31 21:46:01,40.6334,-74.2663,62.6,88,75,5.75
383,Muroto,JP,2021-03-31 21:46:01,33.2833,134.15,55.4,82,75,6.91
384,Aden,YE,2021-03-31 21:43:59,12.7794,45.0367,81.91,52,77,9.37
385,Reidsville,US,2021-03-31 21:46:02,36.3549,-79.6645,63.0,94,90,3.44
386,Muros,ES,2021-03-31 21:46:02,42.7762,-9.0603,69.01,69,100,9.08
387,Marang,MY,2021-03-31 21:46:02,5.2056,103.2059,77.97,88,100,2.46
388,Saint-Joseph,RE,2021-03-31 21:46:02,-21.3667,55.6167,77.0,78,90,4.61
389,Cotonou,BJ,2021-03-31 21:46:03,6.3654,2.4183,84.2,84,40,11.5
390,Batagay,RU,2021-03-31 21:46:03,67.6333,134.6333,2.35,92,98,4.79
391,Voh,NC,2021-03-31 21:46:03,-20.9667,164.7,80.6,65,100,7.99
392,Hobyo,SO,2021-03-31 21:46:04,5.3505,48.5268,79.86,73,2,9.57
393,Perivolion,GR,2021-03-31 21:46:04,39.4206,20.0147,53.01,93,0,4.59
394,Papetoai,PF,2021-03-31 21:46:04,-17.4961,-149.8729,89.6,62,20,5.75
395,Mendi,PG,2021-03-31 21:46:04,-6.1761,143.6513,58.26,96,99,0.94
396,Barrhead,GB,2021-03-31 21:46:05,55.7992,-4.3929,43.0,81,90,13.8
397,Nemuro,JP,2021-03-31 21:46:05,43.3236,145.575,35.89,85,5,10.85
398,Camacupa,AO,2021-03-31 21:46:05,-12.0167,17.4833,60.96,92,63,1.86
399,Port Hardy,CA,2021-03-31 21:46:06,50.6996,-127.4199,48.2,76,75,8.05
400,Miri,MY,2021-03-31 21:43:01,4.4148,114.0089,77.0,94,40,2.3
401,Rosemount,US,2021-03-31 21:46:06,44.7394,-93.1258,36.0,37,75,19.57
402,Alyangula,AU,2021-03-31 21:46:06,-13.8483,136.4192,81.57,68,93,11.25
403,Shahapur,IN,2021-03-31 21:46:07,19.45,73.3333,80.6,83,40,3.44
404,Tateyama,JP,2021-03-31 21:46:07,34.9833,139.8667,57.0,82,100,8.14
405,Awjilah,LY,2021-03-31 21:46:07,29.1081,21.2869,56.37,46,1,9.93
406,Petropavlovsk-Kamchatskiy,RU,2021-03-31 21:46:08,53.0452,158.6483,33.8,100,90,6.71
407,Yulara,AU,2021-03-31 21:46:08,-25.2406,130.9889,60.8,41,0,6.91
408,Jidong,CN,2021-03-31 21:46:08,45.2167,131.0833,37.89,70,0,3.13
409,Rodney,CA,2021-03-31 21:46:08,42.5668,-81.6831,50.0,37,1,13.8
410,Halifax,CA,2021-03-31 21:41:24,44.6453,-63.5724,52.0,81,75,18.41
411,Zhangye,CN,2021-03-31 21:46:09,38.9342,100.4517,38.97,67,99,3.09
412,Pangnirtung,CA,2021-03-31 21:46:09,66.1451,-65.7125,-2.2,78,90,2.3
413,Troitsko-Pechorsk,RU,2021-03-31 21:46:09,62.7084,56.1964,32.31,94,100,7.87
414,Turukhansk,RU,2021-03-31 21:46:10,65.8167,87.9833,-15.03,99,100,5.06
415,Zhaozhou,CN,2021-03-31 21:46:10,45.6833,125.3167,41.52,53,86,4.97
416,Sindang,ID,2021-03-31 21:46:10,-7.0047,108.335,69.75,93,100,2.95
417,Marystown,CA,2021-03-31 21:46:10,47.1666,-55.1483,31.06,60,0,1.68
418,Antofagasta,CL,2021-03-31 21:42:18,-23.65,-70.4,64.4,72,20,16.11
419,Gillette,US,2021-03-31 21:46:11,44.2911,-105.5022,44.6,24,1,9.22
420,Rum,AT,2021-03-31 21:46:11,47.2978,11.4346,50.0,57,10,2.3
421,Tocopilla,CL,2021-03-31 21:46:11,-22.092,-70.1979,69.49,73,98,9.24
422,Touros,BR,2021-03-31 21:45:39,-5.1989,-35.4608,80.6,78,20,11.5
423,Tevaitoa,PF,2021-03-31 21:46:12,-16.7833,-151.5,81.61,75,59,8.88
424,College,US,2021-03-31 21:46:12,64.8569,-147.8028,32.0,69,90,8.05
425,Sobolevo,RU,2021-03-31 21:46:12,54.4299,31.8996,44.33,90,33,7.11
426,Atikokan,CA,2021-03-31 21:46:13,48.7555,-91.6216,24.94,38,100,8.3
427,Tual,ID,2021-03-31 21:46:13,-5.6667,132.75,80.49,80,100,6.33
428,Lagoa,PT,2021-03-31 21:46:13,39.05,-27.9833,56.61,69,16,10.76
429,Dumas,US,2021-03-31 21:46:13,35.8656,-101.9732,57.99,22,1,4.61
430,Danao,PH,2021-03-31 21:46:14,10.5208,124.0272,80.6,83,90,9.22
431,Bom Jesus,BR,2021-03-31 21:46:14,-9.0744,-44.3586,78.39,73,100,1.5
432,Caravelas,BR,2021-03-31 21:46:14,-17.7125,-39.2481,80.22,82,0,8.41
433,Cienfuegos,CU,2021-03-31 21:46:15,22.1461,-80.4356,86.0,58,8,11.5
434,Lingao,CN,2021-03-31 21:46:15,19.9103,109.6859,75.56,68,3,6.17
435,Raga,SS,2021-03-31 21:46:15,8.4596,25.678,79.48,21,4,3.04
436,Pawican,PH,2021-03-31 21:46:15,12.0741,123.9706,77.83,80,100,12.57
437,Salinas,US,2021-03-31 21:46:16,36.6777,-121.6555,84.2,14,1,8.05
438,Kuah,MY,2021-03-31 21:46:16,6.3265,99.8432,78.8,94,20,1.16
439,Chandler,US,2021-03-31 21:46:16,33.3062,-111.8412,88.0,4,1,4.61
440,Semey,KZ,2021-03-31 21:46:17,50.4111,80.2275,15.64,95,39,1.86
441,Bairiki,KI,2021-03-31 21:46:10,1.3292,172.9752,82.4,78,75,10.36
442,Balakhninskiy,RU,2021-03-31 21:46:17,58.0106,114.2769,17.22,97,100,3.65
443,Ozernovskiy,RU,2021-03-31 21:46:17,51.5,156.5167,39.51,89,100,15.26
444,Moranbah,AU,2021-03-31 21:46:17,-22.0016,148.0466,68.11,70,0,20.92
445,Wanganui,NZ,2021-03-31 21:45:33,-39.9333,175.05,60.01,92,100,5.01
446,Oussouye,SN,2021-03-31 21:46:18,12.485,-16.5469,78.8,83,0,13.8
447,Berlevag,NO,2021-03-31 21:44:42,70.8578,29.0864,33.8,93,75,16.11
448,Iranshahr,IR,2021-03-31 21:46:18,27.2025,60.6848,73.4,11,0,4.61
449,Balkanabat,TM,2021-03-31 21:46:18,39.5108,54.3671,54.64,36,78,19.06
450,Kailua,US,2021-03-31 21:46:19,21.4022,-157.7394,82.4,73,75,11.5
451,San Luis,AR,2021-03-31 21:46:19,-33.295,-66.3356,70.0,44,1,0.98
452,Yekaterinovka,RU,2021-03-31 21:46:19,52.0508,44.3451,35.92,81,99,15.68
453,Kapit,MY,2021-03-31 21:46:20,2.0167,112.9333,71.6,99,100,0.18
454,Tutoia,BR,2021-03-31 21:46:20,-2.7619,-42.2744,77.18,89,100,8.03
455,Huadian,CN,2021-03-31 21:46:20,42.9633,126.7478,41.58,62,8,4.76
456,Vila,PT,2021-03-31 21:46:20,42.0304,-8.1588,75.2,29,0,8.05
457,Coromandel,BR,2021-03-31 21:46:21,-18.4733,-47.2003,70.77,68,77,2.86
458,Naze,JP,2021-03-31 21:46:21,28.3667,129.4833,69.8,94,75,12.66
459,Huilong,CN,2021-03-31 21:46:21,31.8111,121.655,57.99,99,100,1.01
460,Andenes,NO,2021-03-31 21:46:22,69.3143,16.1194,37.4,87,97,12.66
461,Gao,ML,2021-03-31 21:46:22,16.6362,1.637,77.32,7,0,10.96
462,Yumen,CN,2021-03-31 21:46:09,40.2833,97.2,36.37,94,100,12.33
463,Tunceli,TR,2021-03-31 21:46:22,39.1083,39.5471,44.6,70,75,4.61
464,Dezful,IR,2021-03-31 21:46:23,32.3811,48.4058,79.41,21,93,5.44
465,Polunochnoye,RU,2021-03-31 21:46:23,60.8697,60.4153,28.67,87,59,7.34
466,San Pedro,PH,2021-03-31 21:46:23,14.35,121.0167,81.0,83,20,4.61
467,Yining,CN,2021-03-31 21:46:23,29.0361,114.5636,64.45,96,100,2.86
468,Ambam,CM,2021-03-31 21:46:24,2.3833,11.2833,69.04,96,43,2.28
469,Christchurch,NZ,2021-03-31 21:42:02,-43.5333,172.6333,61.0,67,20,10.36
470,Vostok,RU,2021-03-31 21:45:24,46.4856,135.8833,28.27,87,67,2.35
471,Dunda,TZ,2021-03-31 21:46:24,-8.1167,34.25,61.84,96,67,0.85
472,Terme,TR,2021-03-31 21:46:24,41.2092,36.9739,46.4,81,75,4.61
473,Sioux Lookout,CA,2021-03-31 21:46:25,50.1001,-91.917,23.0,39,20,9.22
474,Tadine,NC,2021-03-31 21:46:25,-21.55,167.8833,78.49,74,100,16.04
475,Cap-Aux-Meules,CA,2021-03-31 21:45:20,47.3821,-61.8597,48.2,53,87,20.71
476,Cayenne,GF,2021-03-31 21:46:25,4.9333,-52.3333,81.0,78,40,8.05
477,Qasigiannguit,GL,2021-03-31 21:46:26,68.8193,-51.1922,17.6,79,75,2.3
478,Sao Jose Da Coroa Grande,BR,2021-03-31 21:46:26,-8.8978,-35.1478,79.88,79,63,10.27
479,Neryungri,RU,2021-03-31 21:46:26,56.6709,124.6491,9.72,95,66,4.54
480,Altamira,BR,2021-03-31 21:46:26,-3.2033,-52.2064,80.6,94,20,3.44
481,Tabou,CI,2021-03-31 21:45:31,4.423,-7.3528,79.09,88,80,5.32
482,Metro,ID,2021-03-31 21:46:27,-5.1131,105.3067,74.82,94,100,2.93
483,Egvekinot,RU,2021-03-31 21:46:27,66.3167,-179.1667,-0.45,85,90,1.68
484,Mizdah,LY,2021-03-31 21:46:27,31.4451,12.9801,54.57,59,0,14.07
485,Aketi,CD,2021-03-31 21:46:28,2.7388,23.7833,78.22,63,94,2.24
486,Lubango,AO,2021-03-31 21:46:28,-14.9172,13.4925,60.08,96,100,2.21
487,Puri,IN,2021-03-31 21:46:28,19.8,85.85,78.8,100,40,10.36
488,Goderich,CA,2021-03-31 21:46:28,43.7501,-81.7165,37.4,75,62,14.97
489,Noumea,NC,2021-03-31 21:43:37,-22.2763,166.4572,80.01,69,0,13.8
490,Khilok,RU,2021-03-31 21:46:29,51.3674,110.4676,22.01,88,100,1.54
491,Jumla,NP,2021-03-31 21:46:29,29.2747,82.1838,42.66,49,1,7.47
492,Ambulu,ID,2021-03-31 21:46:29,-8.345,113.6058,74.79,91,58,2.82
493,Hoi An,VN,2021-03-31 21:46:30,15.8794,108.335,78.8,89,32,4.61
494,Poum,NC,2021-03-31 21:46:30,-20.2333,164.0167,78.96,73,100,18.21
495,Igarka,RU,2021-03-31 21:46:30,67.4667,86.5833,-27.51,100,74,4.72
496,Vila Velha,BR,2021-03-31 21:46:30,-20.3297,-40.2925,73.4,100,75,3.44
497,Washougal,US,2021-03-31 21:46:31,45.5826,-122.3534,69.01,34,1,18.41
498,Dhidhdhoo,MV,2021-03-31 21:46:31,6.8833,73.1,83.61,74,13,9.15
499,Mandurah,AU,2021-03-31 21:46:31,-32.55,115.7,70.0,77,99,1.01
500,Kupang,ID,2021-03-31 21:46:32,-10.1667,123.5833,77.0,88,75,6.91
501,San Ramon,US,2021-03-31 21:46:32,37.7799,-121.978,81.0,18,1,10.36
502,Clyde River,CA,2021-03-31 21:46:03,70.4692,-68.5914,-7.6,59,75,4.99
503,Rincon,US,2021-03-31 21:46:32,32.296,-81.2354,82.99,69,75,11.5
504,Dubreka,GN,2021-03-31 21:46:32,9.7911,-13.5233,82.4,65,42,6.91
505,Pangody,RU,2021-03-31 21:46:33,65.85,74.4859,3.92,79,100,21.0
506,Mormugao,IN,2021-03-31 21:46:33,15.4,73.8,77.72,75,20,10.38
507,Wattens,AT,2021-03-31 21:46:33,47.2722,11.5993,50.0,57,9,2.3
508,Sangmelima,CM,2021-03-31 21:46:34,2.9333,11.9833,69.98,87,79,3.38
509,Asau,RO,2021-03-31 21:46:34,46.4333,26.4,48.0,45,100,0.81
510,Kigoma,TZ,2021-03-31 21:46:34,-4.8769,29.6267,72.39,81,68,3.76
511,Lazurne,UA,2021-03-31 21:46:35,46.084,32.5295,41.18,84,4,10.07
512,Rajmahal,IN,2021-03-31 21:46:35,25.05,87.8333,73.22,82,0,3.44
513,North Bend,US,2021-03-31 21:46:35,43.4065,-124.2243,77.0,48,1,8.05
514,Ust-Omchug,RU,2021-03-31 21:46:35,61.15,149.6333,9.66,92,93,4.76
515,Murgab,TM,2021-03-31 21:46:36,37.4966,61.9714,50.0,66,90,8.05
516,Whitehorse,CA,2021-03-31 21:43:58,60.7161,-135.0538,37.0,64,75,18.41
517,Tyukalinsk,RU,2021-03-31 21:46:36,55.8732,72.1967,15.57,92,90,11.12
518,Kampar,MY,2021-03-31 21:46:36,4.3,101.15,77.0,94,40,4.61
519,Upata,VE,2021-03-31 21:46:37,8.0086,-62.3989,86.0,67,100,5.99
520,Dordrecht,NL,2021-03-31 21:46:37,51.81,4.6736,62.01,61,64,0.89
521,Montrose,US,2021-03-31 21:42:19,38.4166,-108.2673,50.0,12,0,7.0
522,Srednekolymsk,RU,2021-03-31 21:44:20,67.45,153.6833,5.76,83,100,8.57
523,Chinsali,ZM,2021-03-31 21:46:37,-10.5414,32.0816,60.85,98,29,5.55
524,Baoqing,CN,2021-03-31 21:46:38,46.3317,132.2111,38.23,62,0,3.24
525,Tarakan,ID,2021-03-31 21:45:22,3.3,117.6333,77.68,85,100,6.35
526,Ndjole,GA,2021-03-31 21:46:38,-0.1783,10.7649,73.0,99,90,1.68
527,Bandarbeyla,SO,2021-03-31 21:46:38,9.4942,50.8122,76.21,71,5,1.61
528,Colonelganj,IN,2021-03-31 21:46:39,27.1333,81.7,69.62,7,0,7.7
529,Acurenam,GQ,2021-03-31 21:46:39,1.0322,10.6488,67.77,98,96,2.82
530,Okakarara,NA,2021-03-31 21:46:39,-20.5833,17.4333,62.11,88,100,2.64
531,Aranjuez,ES,2021-03-31 21:46:39,40.0311,-3.6025,63.0,39,0,11.5
532,Camacha,PT,2021-03-31 21:45:54,33.0833,-16.3333,60.8,77,20,12.66
533,Kronach,DE,2021-03-31 21:46:40,50.2396,11.3331,54.0,43,18,1.01
534,Udine,IT,2021-03-31 21:46:40,46.0619,13.2422,57.99,63,5,2.39
